Date and Time   ,Year,Period,Hour,dir,Wind speed,spd,A,h,B,H,H-h
2019-08-01 13:45,2019,0 to 24 h,0,105,1,0.45,82.8,28.2,79.8,26.6,
2019-08-01 14:00,2019,0 to 24 h,0.25,100,0,0.00,82.8,28.2,80,26.7,
2019-08-01 14:15,2019,0 to 24 h,0.5,128,1,0.45,84,28.9,79.8,26.6,
2019-08-01 14:30,2019,0 to 24 h,0.75,86,1,0.45,82.9,28.3,79.3,26.3,
2019-08-01 14:45,2019,0 to 24 h,1,76,1,0.45,83.1,28.4,79.4,26.3,
2019-08-01 15:00,2019,0 to 24 h,1.25,87,1,0.45,85.7,29.8,79.7,26.5,
2019-08-01 15:15,2019,0 to 24 h,1.5,81,1,0.45,85.3,29.6,79.9,26.6,
2019-08-01 15:30,2019,0 to 24 h,1.75,103,1,0.45,84,28.9,79.4,26.3,
2019-08-01 15:45,2019,0 to 24 h,2,94,1,0.45,84.6,29.2,80.1,26.7,
2019-08-01 16:00,2019,0 to 24 h,2.25,84,1,0.45,85.8,29.9,79.9,26.6,
2019-08-01 16:15,2019,0 to 24 h,2.5,103,0,0.00,86.9,30.5,80.1,26.7,
2019-08-01 16:30,2019,0 to 24 h,2.75,118,1,0.45,86.6,30.3,79.7,26.5,
2019-08-01 16:45,2019,0 to 24 h,3,101,1,0.45,85.9,29.9,79.9,26.6,
2019-08-01 17:00,2019,0 to 24 h,3.25,105,1,0.45,83.4,28.6,79.2,26.2,
2019-08-01 17:15,2019,0 to 24 h,3.5,127,1,0.45,83.7,28.7,78.8,26.0,
2019-08-01 17:30,2019,0 to 24 h,3.75,117,1,0.45,83.2,28.4,79.4,26.3,
2019-08-01 17:45,2019,0 to 24 h,4,141,1,0.45,82.5,28.1,78.7,25.9,
2019-08-01 18:00,2019,0 to 24 h,4.25,122,0,0.00,81.7,27.6,78.6,25.9,
2019-08-01 18:15,2019,0 to 24 h,4.5,125,0,0.00,80.9,27.2,78.9,26.1,
2019-08-01 18:30,2019,0 to 24 h,4.75,132,0,0.00,80.6,27.0,78.2,25.7,
2019-08-01 18:45,2019,0 to 24 h,5,129,0,0.00,79.1,26.2,77.3,25.2,
2019-08-01 19:00,2019,0 to 24 h,5.25,129,0,0.00,77.4,25.2,76.1,24.5,
2019-08-01 19:15,2019,0 to 24 h,5.5,115,0,0.00,75.2,24.0,75,23.9,
2019-08-01 19:30,2019,0 to 24 h,5.75,110,0,0.00,72.6,22.6,73.2,22.9,0.3
2019-08-01 19:45,2019,0 to 24 h,6,111,0,0.00,70.3,21.3,72.1,22.3,1.0
2019-08-01 20:00,2019,0 to 24 h,6.25,111,0,0.00,67.5,19.7,72,22.2,2.5
2019-08-01 20:15,2019,0 to 24 h,6.5,111,0,0.00,64.6,18.1,69.8,21.0,2.9
2019-08-01 20:30,2019,0 to 24 h,6.75,111,0,0.00,62.5,16.9,68,20.0,3.1
2019-08-01 20:45,2019,0 to 24 h,7,111,0,0.00,60.9,16.1,66.9,19.4,3.3
2019-08-01 21:00,2019,0 to 24 h,7.25,111,0,0.00,60.2,15.7,67.8,19.9,4.2
2019-08-01 21:15,2019,0 to 24 h,7.5,111,0,0.00,60,15.6,68.1,20.1,4.5
2019-08-01 21:30,2019,0 to 24 h,7.75,111,0,0.00,59,15.0,66.3,19.1,4.1
2019-08-01 21:45,2019,0 to 24 h,8,111,0,0.00,58.7,14.8,65.9,18.8,4.0
2019-08-01 22:00,2019,0 to 24 h,8.25,111,0,0.00,57.9,14.4,64.6,18.1,3.7
2019-08-01 22:15,2019,0 to 24 h,8.5,111,0,0.00,58,14.4,64.4,18.0,3.6
2019-08-01 22:30,2019,0 to 24 h,8.75,111,0,0.00,57.6,14.2,62.3,16.8,2.6
2019-08-01 22:45,2019,0 to 24 h,9,111,0,0.00,56.6,13.7,61.3,16.3,2.6
2019-08-01 23:00,2019,0 to 24 h,9.25,111,0,0.00,56.5,13.6,61.8,16.6,2.9
2019-08-01 23:15,2019,0 to 24 h,9.5,111,0,0.00,56.4,13.6,61.5,16.4,2.8
2019-08-01 23:30,2019,0 to 24 h,9.75,111,0,0.00,56.4,13.6,61.6,16.4,2.9
2019-08-01 23:45,2019,0 to 24 h,10,111,0,0.00,56.1,13.4,62.3,16.8,3.4
2019-08-02 00:00,2019,0 to 24 h,10.25,111,0,0.00,56.2,13.4,61.2,16.2,2.8
2019-08-02 00:15,2019,0 to 24 h,10.5,111,0,0.00,55.6,13.1,61.8,16.6,3.4
2019-08-02 00:30,2019,0 to 24 h,10.75,111,0,0.00,55.3,12.9,61.5,16.4,3.4
2019-08-02 00:45,2019,0 to 24 h,11,111,0,0.00,55,12.8,61.8,16.6,3.8
2019-08-02 01:00,2019,0 to 24 h,11.25,111,0,0.00,55.1,12.8,60.8,16.0,3.2
2019-08-02 01:15,2019,0 to 24 h,11.5,111,0,0.00,54.8,12.7,58.5,14.7,2.1
2019-08-02 01:30,2019,0 to 24 h,11.75,111,0,0.00,54.4,12.4,58.2,14.6,2.1
2019-08-02 01:45,2019,0 to 24 h,12,111,0,0.00,54.3,12.4,58.8,14.9,2.5
2019-08-02 02:00,2019,0 to 24 h,12.25,111,0,0.00,54.2,12.3,58.7,14.8,2.5
2019-08-02 02:15,2019,0 to 24 h,12.5,111,0,0.00,53.9,12.2,57.8,14.3,2.2
2019-08-02 02:30,2019,0 to 24 h,12.75,111,0,0.00,53.5,11.9,57.4,14.1,2.2
2019-08-02 02:45,2019,0 to 24 h,13,111,0,0.00,53.5,11.9,57.7,14.3,2.3
2019-08-02 03:00,2019,0 to 24 h,13.25,111,0,0.00,53.2,11.8,56.6,13.7,1.9
2019-08-02 03:15,2019,0 to 24 h,13.5,111,0,0.00,53.1,11.7,57.8,14.3,2.6
2019-08-02 03:30,2019,0 to 24 h,13.75,111,0,0.00,53.4,11.9,57.8,14.3,2.4
2019-08-02 03:45,2019,0 to 24 h,14,111,0,0.00,52.8,11.6,56.2,13.4,1.9
2019-08-02 04:00,2019,0 to 24 h,14.25,111,0,0.00,53,11.7,57.1,13.9,2.3
2019-08-02 04:15,2019,0 to 24 h,14.5,111,0,0.00,52.7,11.5,56,13.3,1.8
2019-08-02 04:30,2019,0 to 24 h,14.75,111,0,0.00,52.2,11.2,55.6,13.1,1.9
2019-08-02 04:45,2019,0 to 24 h,15,111,0,0.00,52.3,11.3,56.1,13.4,2.1
2019-08-02 05:00,2019,0 to 24 h,15.25,111,0,0.00,52.3,11.3,55.5,13.1,1.8
2019-08-02 05:15,2019,0 to 24 h,15.5,111,0,0.00,51.8,11.0,54.2,12.3,1.3
2019-08-02 05:30,2019,0 to 24 h,15.75,111,0,0.00,51.5,10.8,54.4,12.4,1.6
2019-08-02 05:45,2019,0 to 24 h,16,111,0,0.00,51.7,10.9,55.3,12.9,2.0
2019-08-02 06:00,2019,0 to 24 h,16.25,111,0,0.00,51.7,10.9,55.7,13.2,2.2
2019-08-02 06:15,2019,0 to 24 h,16.5,111,0,0.00,52.2,11.2,56.2,13.4,2.2
2019-08-02 06:30,2019,0 to 24 h,16.75,111,0,0.00,53.3,11.8,58,14.4,2.6
2019-08-02 06:45,2019,0 to 24 h,17,111,0,0.00,54.9,12.7,60.4,15.8,3.1
2019-08-02 07:00,2019,0 to 24 h,17.25,111,0,0.00,57.3,14.1,63.5,17.5,3.4
2019-08-02 07:15,2019,0 to 24 h,17.5,111,0,0.00,59.7,15.4,66.1,18.9,3.6
2019-08-02 07:30,2019,0 to 24 h,17.75,111,0,0.00,61.8,16.6,66.5,19.2,2.6
2019-08-02 07:45,2019,0 to 24 h,18,111,0,0.00,63.7,17.6,68.5,20.3,2.7
2019-08-02 08:00,2019,0 to 24 h,18.25,111,0,0.00,65,18.3,70.7,21.5,3.2
2019-08-02 08:15,2019,0 to 24 h,18.5,111,0,0.00,65.3,18.5,70.6,21.4,2.9
2019-08-02 08:30,2019,0 to 24 h,18.75,111,0,0.00,68,20.0,73.2,22.9,2.9
2019-08-02 08:45,2019,0 to 24 h,19,111,0,0.00,70.2,21.2,73.6,23.1,1.9
2019-08-02 09:00,2019,0 to 24 h,19.25,235,0,0.00,72.5,22.5,73.2,22.9,0.4
2019-08-02 09:15,2019,0 to 24 h,19.5,354,0,0.00,75.4,24.1,74.7,23.7,
2019-08-02 09:30,2019,0 to 24 h,19.75,235,0,0.00,78,25.6,76.4,24.7,
2019-08-02 09:45,2019,0 to 24 h,20,77,0,0.00,80.8,27.1,78,25.6,
2019-08-02 10:00,2019,0 to 24 h,20.25,57,0,0.00,81.5,27.5,79.1,26.2,
2019-08-02 10:15,2019,0 to 24 h,20.5,76,0,0.00,84.2,29.0,80.7,27.1,
2019-08-02 10:30,2019,0 to 24 h,20.75,256,0,0.00,86.5,30.3,80.2,26.8,
2019-08-02 10:45,2019,0 to 24 h,21,55,0,0.00,87,30.6,79,26.1,
2019-08-02 11:00,2019,0 to 24 h,21.25,120,0,0.00,89.6,32.0,81.3,27.4,
2019-08-02 11:15,2019,0 to 24 h,21.5,112,1,0.45,89.6,32.0,80.5,26.9,
2019-08-02 11:30,2019,0 to 24 h,21.75,132,1,0.45,90.3,32.4,81,27.2,
2019-08-02 11:45,2019,0 to 24 h,22,103,1,0.45,88.9,31.6,80.6,27.0,
2019-08-02 12:00,2019,0 to 24 h,22.25,97,0,0.00,89.6,32.0,81.5,27.5,
2019-08-02 12:15,2019,0 to 24 h,22.5,90,0,0.00,88.7,31.5,81.4,27.4,
2019-08-02 12:30,2019,0 to 24 h,22.75,129,1,0.45,89.1,31.7,81.7,27.6,
2019-08-02 12:45,2019,0 to 24 h,23,122,0,0.00,90.7,32.6,81.6,27.6,
2019-08-02 13:00,2019,0 to 24 h,23.25,145,0,0.00,89.9,32.2,82.4,28.0,
2019-08-02 13:15,2019,0 to 24 h,23.5,149,1,0.45,89,31.7,82.1,27.8,
2019-08-02 13:30,2019,0 to 24 h,23.75,141,2,0.89,87,30.6,81,27.2,
2019-08-02 13:45,2019,24 to 48 h,24,110,0,0.00,88.3,31.3,82.8,28.2,
2019-08-02 14:00,2019,24 to 48 h,24.25,121,0,0.00,88.6,31.4,82.3,27.9,
2019-08-02 14:15,2019,24 to 48 h,24.5,101,1,0.45,86.7,30.4,81.7,27.6,
2019-08-02 14:30,2019,24 to 48 h,24.75,128,1,0.45,87.9,31.1,82.7,28.2,
2019-08-02 14:45,2019,24 to 48 h,25,104,0,0.00,90.7,32.6,83.5,28.6,
2019-08-02 15:00,2019,24 to 48 h,25.25,160,0,0.00,91.7,33.2,82.9,28.3,
2019-08-02 15:15,2019,24 to 48 h,25.5,182,0,0.00,91.4,33.0,82.9,28.3,
2019-08-02 15:30,2019,24 to 48 h,25.75,166,0,0.00,91.5,33.1,83.9,28.8,
2019-08-02 15:45,2019,24 to 48 h,26,160,0,0.00,89.5,31.9,82.2,27.9,
2019-08-02 16:00,2019,24 to 48 h,26.25,129,0,0.00,87.1,30.6,81.6,27.6,
2019-08-02 16:15,2019,24 to 48 h,26.5,117,2,0.89,85.2,29.6,82.2,27.9,
2019-08-02 16:30,2019,24 to 48 h,26.75,111,0,0.00,86.4,30.2,83,28.3,
2019-08-02 16:45,2019,24 to 48 h,27,124,1,0.45,86.2,30.1,82.3,27.9,
2019-08-02 17:00,2019,24 to 48 h,27.25,124,0,0.00,85.7,29.8,82.3,27.9,
2019-08-02 17:15,2019,24 to 48 h,27.5,136,0,0.00,85.8,29.9,82.5,28.1,
2019-08-02 17:30,2019,24 to 48 h,27.75,121,0,0.00,85.3,29.6,82.9,28.3,
2019-08-02 17:45,2019,24 to 48 h,28,118,0,0.00,85.2,29.6,83,28.3,
2019-08-02 18:00,2019,24 to 48 h,28.25,122,0,0.00,83.9,28.8,81.7,27.6,
2019-08-02 18:15,2019,24 to 48 h,28.5,118,0,0.00,83.1,28.4,81.6,27.6,
2019-08-02 18:30,2019,24 to 48 h,28.75,125,0,0.00,80.6,27.0,79.3,26.3,
2019-08-02 18:45,2019,24 to 48 h,29,115,0,0.00,79.5,26.4,79.3,26.3,
2019-08-02 19:00,2019,24 to 48 h,29.25,132,0,0.00,78.2,25.7,78.3,25.7,0.1
2019-08-02 19:15,2019,24 to 48 h,29.5,160,0,0.00,76.7,24.8,78.5,25.8,1.0
2019-08-02 19:30,2019,24 to 48 h,29.75,163,0,0.00,74.6,23.7,76.9,24.9,1.3
2019-08-02 19:45,2019,24 to 48 h,30,165,0,0.00,72.8,22.7,76.4,24.7,2.0
2019-08-02 20:00,2019,24 to 48 h,30.25,165,0,0.00,71.6,22.0,75.4,24.1,2.1
2019-08-02 20:15,2019,24 to 48 h,30.5,165,0,0.00,69.3,20.7,74,23.3,2.6
2019-08-02 20:30,2019,24 to 48 h,30.75,165,0,0.00,66.9,19.4,72.6,22.6,3.2
2019-08-02 20:45,2019,24 to 48 h,31,165,0,0.00,65.5,18.6,72,22.2,3.6
2019-08-02 21:00,2019,24 to 48 h,31.25,165,0,0.00,64.6,18.1,69.3,20.7,2.6
2019-08-02 21:15,2019,24 to 48 h,31.5,165,0,0.00,63.7,17.6,68.9,20.5,2.9
2019-08-02 21:30,2019,24 to 48 h,31.75,165,0,0.00,63.3,17.4,68.7,20.4,3.0
2019-08-02 21:45,2019,24 to 48 h,32,165,0,0.00,63,17.2,67.6,19.8,2.6
2019-08-02 22:00,2019,24 to 48 h,32.25,165,0,0.00,62.7,17.1,67.5,19.7,2.7
2019-08-02 22:15,2019,24 to 48 h,32.5,165,0,0.00,62.5,16.9,67.4,19.7,2.7
2019-08-02 22:30,2019,24 to 48 h,32.75,165,0,0.00,62.4,16.9,67.6,19.8,2.9
2019-08-02 22:45,2019,24 to 48 h,33,165,0,0.00,62,16.7,66.3,19.1,2.4
2019-08-02 23:00,2019,24 to 48 h,33.25,165,0,0.00,61.6,16.4,65.9,18.8,2.4
2019-08-02 23:15,2019,24 to 48 h,33.5,165,0,0.00,61.5,16.4,65.3,18.5,2.1
2019-08-02 23:30,2019,24 to 48 h,33.75,165,0,0.00,61.3,16.3,65.9,18.8,2.6
2019-08-02 23:45,2019,24 to 48 h,34,165,0,0.00,61.1,16.2,65.4,18.6,2.4
2019-08-03 00:00,2019,24 to 48 h,34.25,165,0,0.00,60.8,16.0,64.8,18.2,2.2
2019-08-03 00:15,2019,24 to 48 h,34.5,165,0,0.00,61.4,16.3,65.8,18.8,2.4
2019-08-03 00:30,2019,24 to 48 h,34.75,165,0,0.00,62,16.7,64.1,17.8,1.2
2019-08-03 00:45,2019,24 to 48 h,35,165,0,0.00,61.7,16.5,64.5,18.1,1.6
2019-08-03 01:00,2019,24 to 48 h,35.25,165,0,0.00,62.1,16.7,66.3,19.1,2.3
2019-08-03 01:15,2019,24 to 48 h,35.5,165,0,0.00,62.3,16.8,66.5,19.2,2.3
2019-08-03 01:30,2019,24 to 48 h,35.75,165,0,0.00,62.1,16.7,66,18.9,2.2
2019-08-03 01:45,2019,24 to 48 h,36,165,0,0.00,62.2,16.8,65.2,18.4,1.7
2019-08-03 02:00,2019,24 to 48 h,36.25,165,0,0.00,62.1,16.7,65.3,18.5,1.8
2019-08-03 02:15,2019,24 to 48 h,36.5,165,0,0.00,61.6,16.4,64.8,18.2,1.8
2019-08-03 02:30,2019,24 to 48 h,36.75,165,0,0.00,61.4,16.3,63.5,17.5,1.2
2019-08-03 02:45,2019,24 to 48 h,37,165,0,0.00,61.6,16.4,63.6,17.6,1.1
2019-08-03 03:00,2019,24 to 48 h,37.25,165,0,0.00,61.5,16.4,63.5,17.5,1.1
2019-08-03 03:15,2019,24 to 48 h,37.5,165,0,0.00,61.6,16.4,64.1,17.8,1.4
2019-08-03 03:30,2019,24 to 48 h,37.75,165,0,0.00,61.9,16.6,64.7,18.2,1.6
2019-08-03 03:45,2019,24 to 48 h,38,165,0,0.00,62.1,16.7,64.5,18.1,1.3
2019-08-03 04:00,2019,24 to 48 h,38.25,165,0,0.00,61.9,16.6,64,17.8,1.2
2019-08-03 04:15,2019,24 to 48 h,38.5,165,0,0.00,61.9,16.6,64.4,18.0,1.4
2019-08-03 04:30,2019,24 to 48 h,38.75,165,0,0.00,61.8,16.6,64.8,18.2,1.7
2019-08-03 04:45,2019,24 to 48 h,39,165,0,0.00,61.5,16.4,64.7,18.2,1.8
2019-08-03 05:00,2019,24 to 48 h,39.25,165,0,0.00,61.4,16.3,64.1,17.8,1.5
2019-08-03 05:15,2019,24 to 48 h,39.5,165,0,0.00,61.2,16.2,64.1,17.8,1.6
2019-08-03 05:30,2019,24 to 48 h,39.75,165,0,0.00,60.9,16.1,64.4,18.0,1.9
2019-08-03 05:45,2019,24 to 48 h,40,165,0,0.00,60.6,15.9,63.7,17.6,1.7
2019-08-03 06:00,2019,24 to 48 h,40.25,165,0,0.00,60.2,15.7,62.4,16.9,1.2
2019-08-03 06:15,2019,24 to 48 h,40.5,165,0,0.00,60.2,15.7,62.6,17.0,1.3
2019-08-03 06:30,2019,24 to 48 h,40.75,165,0,0.00,60.4,15.8,62.9,17.2,1.4
2019-08-03 06:45,2019,24 to 48 h,41,165,0,0.00,60.6,15.9,63.1,17.3,1.4
2019-08-03 07:00,2019,24 to 48 h,41.25,165,0,0.00,61.1,16.2,62.6,17.0,0.8
2019-08-03 07:15,2019,24 to 48 h,41.5,165,0,0.00,62.7,17.1,63.8,17.7,0.6
2019-08-03 07:30,2019,24 to 48 h,41.75,197,0,0.00,64.8,18.2,65.5,18.6,0.4
2019-08-03 07:45,2019,24 to 48 h,42,288,0,0.00,66.7,19.3,66.9,19.4,0.1
2019-08-03 08:00,2019,24 to 48 h,42.25,327,0,0.00,68.7,20.4,68.2,20.1,
2019-08-03 08:15,2019,24 to 48 h,42.5,324,0,0.00,70.4,21.3,69.3,20.7,
2019-08-03 08:30,2019,24 to 48 h,42.75,317,1,0.45,71.6,22.0,70.2,21.2,
2019-08-03 08:45,2019,24 to 48 h,43,306,1,0.45,72.6,22.6,71.1,21.7,
2019-08-03 09:00,2019,24 to 48 h,43.25,324,1,0.45,73.7,23.2,72.2,22.3,
2019-08-03 09:15,2019,24 to 48 h,43.5,321,1,0.45,76.1,24.5,74.4,23.6,
2019-08-03 09:30,2019,24 to 48 h,43.75,312,1,0.45,80.8,27.1,76.9,24.9,
2019-08-03 09:45,2019,24 to 48 h,44,288,1,0.45,84,28.9,79.3,26.3,
2019-08-03 10:00,2019,24 to 48 h,44.25,179,1,0.45,85,29.4,81.1,27.3,
2019-08-03 10:15,2019,24 to 48 h,44.5,258,1,0.45,83.5,28.6,79.9,26.6,
2019-08-03 10:30,2019,24 to 48 h,44.75,307,2,0.89,85,29.4,79.7,26.5,
2019-08-03 10:45,2019,24 to 48 h,45,292,1,0.45,81.6,27.6,78.6,25.9,
2019-08-03 11:00,2019,24 to 48 h,45.25,166,0,0.00,88.1,31.2,83.5,28.6,
2019-08-03 11:15,2019,24 to 48 h,45.5,148,1,0.45,87.6,30.9,81.1,27.3,
2019-08-03 11:30,2019,24 to 48 h,45.75,148,0,0.00,83,28.3,81.6,27.6,
2019-08-03 11:45,2019,24 to 48 h,46,83,1,0.45,89.7,32.1,85.8,29.9,
2019-08-03 12:00,2019,24 to 48 h,46.25,213,1,0.45,86.1,30.1,81.6,27.6,
2019-08-03 12:15,2019,24 to 48 h,46.5,316,0,0.00,82.7,28.2,81.2,27.3,
2019-08-03 12:30,2019,24 to 48 h,46.75,166,0,0.00,89.6,32.0,85.9,29.9,
2019-08-03 12:45,2019,24 to 48 h,47,218,1,0.45,90.1,32.3,84.5,29.2,
2019-08-03 13:00,2019,24 to 48 h,47.25,146,0,0.00,91.6,33.1,86.2,30.1,
2019-08-03 13:15,2019,24 to 48 h,47.5,241,0,0.00,92.1,33.4,84.7,29.3,
2019-08-03 13:30,2019,24 to 48 h,47.75,312,1,0.45,87.5,30.8,83.5,28.6,
2020-07-03 10:55,2020,0 to 24 h,0,29,3,1.34,86.3,30.2,84.2,29.0,
2020-07-03 11:00,2020,0 to 24 h,0.08,122,2,0.89,86.9,30.5,84.5,29.2,
2020-07-03 11:05,2020,0 to 24 h,0.17,48,2,0.89,87.7,30.9,84.9,29.4,
2020-07-03 11:10,2020,0 to 24 h,0.25,127,1,0.45,88.2,31.2,85.6,29.8,
2020-07-03 11:15,2020,0 to 24 h,0.33,152,3,1.34,88,31.1,85,29.4,
2020-07-03 11:20,2020,0 to 24 h,0.42,169,2,0.89,88.1,31.2,85.3,29.6,
2020-07-03 11:25,2020,0 to 24 h,0.50,77,1,0.45,89.3,31.8,87.1,30.6,
2020-07-03 11:30,2020,0 to 24 h,0.58,76,1,0.45,88.6,31.4,85.6,29.8,
2020-07-03 11:35,2020,0 to 24 h,0.67,28,3,1.34,88.3,31.3,85.8,29.9,
2020-07-03 11:40,2020,0 to 24 h,0.75,57,2,0.89,87.6,30.9,85.6,29.8,
2020-07-03 11:45,2020,0 to 24 h,0.83,88,2,0.89,88.1,31.2,85.7,29.8,
2020-07-03 11:50,2020,0 to 24 h,0.92,225,1,0.45,88.8,31.6,86.3,30.2,
2020-07-03 11:55,2020,0 to 24 h,1.00,336,1,0.45,88.9,31.6,86.4,30.2,
2020-07-03 12:00,2020,0 to 24 h,1.08,155,1,0.45,89.6,32.0,86.3,30.2,
2020-07-03 12:05,2020,0 to 24 h,1.17,42,3,1.34,89.3,31.8,86.5,30.3,
2020-07-03 12:10,2020,0 to 24 h,1.25,53,3,1.34,88.5,31.4,86.2,30.1,
2020-07-03 12:15,2020,0 to 24 h,1.33,50,1,0.45,88.7,31.5,86.5,30.3,
2020-07-03 12:20,2020,0 to 24 h,1.42,60,2,0.89,89.7,32.1,87.4,30.8,
2020-07-03 12:25,2020,0 to 24 h,1.50,73,3,1.34,88.7,31.5,86.1,30.1,
2020-07-03 12:30,2020,0 to 24 h,1.58,49,1,0.45,89.4,31.9,86.6,30.3,
2020-07-03 12:35,2020,0 to 24 h,1.67,169,2,0.89,90.1,32.3,86.8,30.4,
2020-07-03 12:40,2020,0 to 24 h,1.75,275,0,0.00,90.7,32.6,87.8,31.0,
2020-07-03 12:45,2020,0 to 24 h,1.83,333,0,0.00,91.6,33.1,89,31.7,
2020-07-03 12:50,2020,0 to 24 h,1.92,43,3,1.34,90.8,32.7,88,31.1,
2020-07-03 12:55,2020,0 to 24 h,2.00,28,0,0.00,88.7,31.5,86.6,30.3,
2020-07-03 13:00,2020,0 to 24 h,2.08,72,2,0.89,91.2,32.9,88.6,31.4,
2020-07-03 13:05,2020,0 to 24 h,2.17,55,3,1.34,90.1,32.3,87.5,30.8,
2020-07-03 13:10,2020,0 to 24 h,2.25,43,1,0.45,90.2,32.3,87.3,30.7,
2020-07-03 13:15,2020,0 to 24 h,2.33,55,1,0.45,91.4,33.0,88.4,31.3,
2020-07-03 13:20,2020,0 to 24 h,2.42,112,0,0.00,92.3,33.5,89.1,31.7,
2020-07-03 13:25,2020,0 to 24 h,2.50,88,1,0.45,92,33.3,89.3,31.8,
2020-07-03 13:30,2020,0 to 24 h,2.58,84,1,0.45,91.6,33.1,89.1,31.7,
2020-07-03 13:35,2020,0 to 24 h,2.67,69,2,0.89,91.6,33.1,89,31.7,
2020-07-03 13:40,2020,0 to 24 h,2.75,70,2,0.89,92.6,33.7,89.5,31.9,
2020-07-03 13:45,2020,0 to 24 h,2.83,90,2,0.89,92,33.3,89.1,31.7,
2020-07-03 13:50,2020,0 to 24 h,2.92,63,2,0.89,91.8,33.2,88.8,31.6,
2020-07-03 13:55,2020,0 to 24 h,3.00,80,1,0.45,91.5,33.1,89.2,31.8,
2020-07-03 14:00,2020,0 to 24 h,3.08,135,2,0.89,90.1,32.3,87.6,30.9,
2020-07-03 14:05,2020,0 to 24 h,3.17,170,1,0.45,90.9,32.7,88.7,31.5,
2020-07-03 14:10,2020,0 to 24 h,3.25,86,2,0.89,92.3,33.5,89.7,32.1,
2020-07-03 14:15,2020,0 to 24 h,3.33,83,1,0.45,93.2,34.0,90.5,32.5,
2020-07-03 14:20,2020,0 to 24 h,3.42,55,2,0.89,93.4,34.1,90.4,32.4,
2020-07-03 14:25,2020,0 to 24 h,3.50,118,2,0.89,92.9,33.8,89.7,32.1,
2020-07-03 14:30,2020,0 to 24 h,3.58,67,2,0.89,92.5,33.6,89.7,32.1,
2020-07-03 14:35,2020,0 to 24 h,3.67,100,0,0.00,93.5,34.2,90.8,32.7,
2020-07-03 14:40,2020,0 to 24 h,3.75,48,2,0.89,91.7,33.2,89.3,31.8,
2020-07-03 14:45,2020,0 to 24 h,3.83,16,2,0.89,90.7,32.6,87.8,31.0,
2020-07-03 14:50,2020,0 to 24 h,3.92,36,2,0.89,90.4,32.4,88.3,31.3,
2020-07-03 14:55,2020,0 to 24 h,4.00,56,1,0.45,92.1,33.4,89.3,31.8,
2020-07-03 15:00,2020,0 to 24 h,4.08,74,2,0.89,88.2,31.2,87.1,30.6,
2020-07-03 15:05,2020,0 to 24 h,4.17,69,3,1.34,86.8,30.4,86.3,30.2,
2020-07-03 15:10,2020,0 to 24 h,4.25,52,1,0.45,89,31.7,88,31.1,
2020-07-03 15:15,2020,0 to 24 h,4.33,46,1,0.45,91.7,33.2,89,31.7,
2020-07-03 15:20,2020,0 to 24 h,4.42,59,1,0.45,92,33.3,89.6,32.0,
2020-07-03 15:25,2020,0 to 24 h,4.50,149,0,0.00,93.6,34.2,90.4,32.4,
2020-07-03 15:30,2020,0 to 24 h,4.58,56,1,0.45,93.6,34.2,90.4,32.4,
2020-07-03 15:35,2020,0 to 24 h,4.67,69,3,1.34,91.4,33.0,89.4,31.9,
2020-07-03 15:40,2020,0 to 24 h,4.75,79,0,0.00,89.2,31.8,88.5,31.4,
2020-07-03 15:45,2020,0 to 24 h,4.83,90,0,0.00,91.9,33.3,90.8,32.7,
2020-07-03 15:50,2020,0 to 24 h,4.92,43,2,0.89,92.5,33.6,90.1,32.3,
2020-07-03 15:55,2020,0 to 24 h,5.00,66,4,1.79,90.8,32.7,89,31.7,
2020-07-03 16:00,2020,0 to 24 h,5.08,63,3,1.34,90.2,32.3,88.5,31.4,
2020-07-03 16:05,2020,0 to 24 h,5.17,67,2,0.89,88.5,31.4,87.6,30.9,
2020-07-03 16:10,2020,0 to 24 h,5.25,64,1,0.45,90.4,32.4,88.9,31.6,
2020-07-03 16:15,2020,0 to 24 h,5.33,69,0,0.00,92.5,33.6,90.5,32.5,
2020-07-03 16:20,2020,0 to 24 h,5.42,64,1,0.45,91.9,33.3,89.6,32.0,
2020-07-03 16:25,2020,0 to 24 h,5.50,64,1,0.45,91.7,33.2,89.6,32.0,
2020-07-03 16:30,2020,0 to 24 h,5.58,67,1,0.45,91.6,33.1,89.5,31.9,
2020-07-03 16:35,2020,0 to 24 h,5.67,93,2,0.89,90.7,32.6,89.4,31.9,
2020-07-03 16:40,2020,0 to 24 h,5.75,31,2,0.89,90.1,32.3,88.4,31.3,
2020-07-03 16:45,2020,0 to 24 h,5.83,55,0,0.00,91.7,33.2,89.5,31.9,
2020-07-03 16:50,2020,0 to 24 h,5.92,196,1,0.45,92.2,33.4,89.2,31.8,
2020-07-03 16:55,2020,0 to 24 h,6.00,166,1,0.45,92,33.3,89.1,31.7,
2020-07-03 17:00,2020,0 to 24 h,6.08,19,1,0.45,91.6,33.1,89,31.7,
2020-07-03 17:05,2020,0 to 24 h,6.17,33,0,0.00,92.1,33.4,89.9,32.2,
2020-07-03 17:10,2020,0 to 24 h,6.25,77,1,0.45,92.2,33.4,90.5,32.5,
2020-07-03 17:15,2020,0 to 24 h,6.33,81,1,0.45,91.1,32.8,89.6,32.0,
2020-07-03 17:20,2020,0 to 24 h,6.42,88,1,0.45,91.4,33.0,89.9,32.2,
2020-07-03 17:25,2020,0 to 24 h,6.50,63,2,0.89,90.7,32.6,89,31.7,
2020-07-03 17:30,2020,0 to 24 h,6.58,117,1,0.45,88.9,31.6,88.5,31.4,
2020-07-03 17:35,2020,0 to 24 h,6.67,110,1,0.45,87.6,30.9,87.7,30.9,0.1
2020-07-03 17:40,2020,0 to 24 h,6.75,108,0,0.00,90.6,32.6,90,32.2,
2020-07-03 17:45,2020,0 to 24 h,6.83,83,1,0.45,91.6,33.1,90.2,32.3,
2020-07-03 17:50,2020,0 to 24 h,6.92,74,0,0.00,89.8,32.1,88.7,31.5,
2020-07-03 17:55,2020,0 to 24 h,7.00,64,1,0.45,88.8,31.6,88.2,31.2,
2020-07-03 18:00,2020,0 to 24 h,7.08,48,1,0.45,89.3,31.8,88.2,31.2,
2020-07-03 18:05,2020,0 to 24 h,7.17,63,0,0.00,89.7,32.1,88.8,31.6,
2020-07-03 18:10,2020,0 to 24 h,7.25,104,1,0.45,89.6,32.0,88.9,31.6,
2020-07-03 18:15,2020,0 to 24 h,7.33,124,1,0.45,88.4,31.3,88.2,31.2,
2020-07-03 18:20,2020,0 to 24 h,7.42,125,0,0.00,88.6,31.4,88.4,31.3,
2020-07-03 18:25,2020,0 to 24 h,7.50,112,0,0.00,90.1,32.3,89.5,31.9,
2020-07-03 18:30,2020,0 to 24 h,7.58,70,1,0.45,89.8,32.1,88.9,31.6,
2020-07-03 18:35,2020,0 to 24 h,7.67,86,1,0.45,89.2,31.8,88.7,31.5,
2020-07-03 18:40,2020,0 to 24 h,7.75,84,0,0.00,89.8,32.1,89,31.7,
2020-07-03 18:45,2020,0 to 24 h,7.83,73,1,0.45,89.8,32.1,88.9,31.6,
2020-07-03 18:50,2020,0 to 24 h,7.92,73,1,0.45,88.9,31.6,88.2,31.2,
2020-07-03 18:55,2020,0 to 24 h,8.00,94,1,0.45,86.6,30.3,86,30.0,
2020-07-03 19:00,2020,0 to 24 h,8.08,87,2,0.89,83.6,28.7,83.4,28.6,
2020-07-03 19:05,2020,0 to 24 h,8.17,101,1,0.45,82.3,27.9,82.3,27.9,0.0
2020-07-03 19:10,2020,0 to 24 h,8.25,94,0,0.00,81.5,27.5,81.7,27.6,0.1
2020-07-03 19:15,2020,0 to 24 h,8.33,88,1,0.45,80.9,27.2,81.1,27.3,0.1
2020-07-03 19:20,2020,0 to 24 h,8.42,90,2,0.89,80.1,26.7,80.3,26.8,0.1
2020-07-03 19:25,2020,0 to 24 h,8.50,111,0,0.00,79.6,26.4,79.9,26.6,0.2
2020-07-03 19:30,2020,0 to 24 h,8.58,146,0,0.00,79.1,26.2,79.6,26.4,0.3
2020-07-03 19:35,2020,0 to 24 h,8.67,176,0,0.00,78.7,25.9,79.2,26.2,0.3
2020-07-03 19:40,2020,0 to 24 h,8.75,142,0,0.00,78.2,25.7,78.8,26.0,0.3
2020-07-03 19:45,2020,0 to 24 h,8.83,200,0,0.00,77.7,25.4,78.4,25.8,0.4
2020-07-03 19:50,2020,0 to 24 h,8.92,194,0,0.00,77.3,25.2,78.2,25.7,0.5
2020-07-03 19:55,2020,0 to 24 h,9.00,240,0,0.00,77,25.0,77.9,25.5,0.5
2020-07-03 20:00,2020,0 to 24 h,9.08,206,0,0.00,76.7,24.8,77.7,25.4,0.6
2020-07-03 20:05,2020,0 to 24 h,9.17,237,0,0.00,76.4,24.7,77.4,25.2,0.6
2020-07-03 20:10,2020,0 to 24 h,9.25,249,0,0.00,75.8,24.3,76.8,24.9,0.6
2020-07-03 20:15,2020,0 to 24 h,9.33,218,0,0.00,75.2,24.0,76.4,24.7,0.7
2020-07-03 20:20,2020,0 to 24 h,9.42,240,0,0.00,74.9,23.8,76.1,24.5,0.7
2020-07-03 20:25,2020,0 to 24 h,9.50,245,0,0.00,75.1,23.9,76.2,24.6,0.6
2020-07-03 20:30,2020,0 to 24 h,9.58,216,1,0.45,75.1,23.9,76,24.4,0.5
2020-07-03 20:35,2020,0 to 24 h,9.67,172,0,0.00,74.8,23.8,75.8,24.3,0.6
2020-07-03 20:40,2020,0 to 24 h,9.75,73,1,0.45,74.9,23.8,75.9,24.4,0.6
2020-07-03 20:45,2020,0 to 24 h,9.83,83,1,0.45,75.3,24.1,76.1,24.5,0.4
2020-07-03 20:50,2020,0 to 24 h,9.92,72,1,0.45,75.2,24.0,75.9,24.4,0.4
2020-07-03 20:55,2020,0 to 24 h,10.00,64,1,0.45,75.3,24.1,76.2,24.6,0.5
2020-07-03 21:00,2020,0 to 24 h,10.08,70,0,0.00,75.4,24.1,76.3,24.6,0.5
2020-07-03 21:05,2020,0 to 24 h,10.17,66,1,0.45,75.5,24.2,76.3,24.6,0.4
2020-07-03 21:10,2020,0 to 24 h,10.25,66,1,0.45,75.4,24.1,76,24.4,0.3
2020-07-03 21:15,2020,0 to 24 h,10.33,66,1,0.45,75.3,24.1,76,24.4,0.4
2020-07-03 21:20,2020,0 to 24 h,10.42,67,0,0.00,75.1,23.9,75.8,24.3,0.4
2020-07-03 21:25,2020,0 to 24 h,10.50,67,0,0.00,74.7,23.7,75.5,24.2,0.4
2020-07-03 21:30,2020,0 to 24 h,10.58,67,0,0.00,74,23.3,74.9,23.8,0.5
2020-07-03 21:35,2020,0 to 24 h,10.67,67,0,0.00,73.3,22.9,74.2,23.4,0.5
2020-07-03 21:40,2020,0 to 24 h,10.75,67,0,0.00,72.9,22.7,74,23.3,0.6
2020-07-03 21:45,2020,0 to 24 h,10.83,67,0,0.00,72.9,22.7,73.8,23.2,0.5
2020-07-03 21:50,2020,0 to 24 h,10.92,67,0,0.00,72.6,22.6,73.6,23.1,0.6
2020-07-03 21:55,2020,0 to 24 h,11.00,67,0,0.00,72.3,22.4,73.6,23.1,0.7
2020-07-03 22:00,2020,0 to 24 h,11.08,67,0,0.00,71.9,22.2,73.4,23.0,0.8
2020-07-03 22:05,2020,0 to 24 h,11.17,67,0,0.00,71.9,22.2,73.3,22.9,0.8
2020-07-03 22:10,2020,0 to 24 h,11.25,67,0,0.00,72,22.2,73.2,22.9,0.7
2020-07-03 22:15,2020,0 to 24 h,11.33,67,0,0.00,72,22.2,73.3,22.9,0.7
2020-07-03 22:20,2020,0 to 24 h,11.42,67,0,0.00,71.7,22.1,72.9,22.7,0.7
2020-07-03 22:25,2020,0 to 24 h,11.50,67,0,0.00,71.2,21.8,72.5,22.5,0.7
2020-07-03 22:30,2020,0 to 24 h,11.58,67,0,0.00,70.9,21.6,72.5,22.5,0.9
2020-07-03 22:35,2020,0 to 24 h,11.67,122,0,0.00,70.8,21.6,72.1,22.3,0.7
2020-07-03 22:40,2020,0 to 24 h,11.75,169,0,0.00,71,21.7,72.4,22.4,0.8
2020-07-03 22:45,2020,0 to 24 h,11.83,182,0,0.00,70.9,21.6,72.5,22.5,0.9
2020-07-03 22:50,2020,0 to 24 h,11.92,170,0,0.00,70.1,21.2,71.9,22.2,1.0
2020-07-03 22:55,2020,0 to 24 h,12.00,165,0,0.00,69.6,20.9,71.6,22.0,1.1
2020-07-03 23:00,2020,0 to 24 h,12.08,149,0,0.00,69.4,20.8,71.1,21.7,0.9
2020-07-03 23:05,2020,0 to 24 h,12.17,155,0,0.00,69.4,20.8,71.6,22.0,1.2
2020-07-03 23:10,2020,0 to 24 h,12.25,261,0,0.00,69.5,20.8,71.1,21.7,0.9
2020-07-03 23:15,2020,0 to 24 h,12.33,216,0,0.00,69.4,20.8,70.4,21.3,0.6
2020-07-03 23:20,2020,0 to 24 h,12.42,208,0,0.00,69.5,20.8,70.8,21.6,0.7
2020-07-03 23:25,2020,0 to 24 h,12.50,208,0,0.00,69.5,20.8,71.5,21.9,1.1
2020-07-03 23:30,2020,0 to 24 h,12.58,208,0,0.00,68.8,20.4,70.7,21.5,1.1
2020-07-03 23:35,2020,0 to 24 h,12.67,210,0,0.00,68.4,20.2,70.3,21.3,1.1
2020-07-03 23:40,2020,0 to 24 h,12.75,214,0,0.00,68.2,20.1,70.3,21.3,1.2
2020-07-03 23:45,2020,0 to 24 h,12.83,211,0,0.00,68.3,20.2,70.3,21.3,1.1
2020-07-03 23:50,2020,0 to 24 h,12.92,216,0,0.00,68.2,20.1,70,21.1,1.0
2020-07-03 23:55,2020,0 to 24 h,13.00,218,0,0.00,67.8,19.9,69.4,20.8,0.9
2020-07-04 00:00,2020,0 to 24 h,13.08,276,0,0.00,67.7,19.8,69.6,20.9,1.1
2020-07-04 00:05,2020,0 to 24 h,13.17,278,0,0.00,67.8,19.9,71,21.7,1.8
2020-07-04 00:10,2020,0 to 24 h,13.25,269,0,0.00,67.3,19.6,70,21.1,1.5
2020-07-04 00:15,2020,0 to 24 h,13.33,286,0,0.00,67.4,19.7,69.4,20.8,1.1
2020-07-04 00:20,2020,0 to 24 h,13.42,288,0,0.00,67.3,19.6,69.1,20.6,1.0
2020-07-04 00:25,2020,0 to 24 h,13.50,296,0,0.00,66.9,19.4,68.7,20.4,1.0
2020-07-04 00:30,2020,0 to 24 h,13.58,289,0,0.00,66.8,19.3,68.4,20.2,0.9
2020-07-04 00:35,2020,0 to 24 h,13.67,285,0,0.00,67,19.4,69.1,20.6,1.2
2020-07-04 00:40,2020,0 to 24 h,13.75,275,0,0.00,67.3,19.6,70.4,21.3,1.7
2020-07-04 00:45,2020,0 to 24 h,13.83,266,0,0.00,67.4,19.7,70.4,21.3,1.7
2020-07-04 00:50,2020,0 to 24 h,13.92,266,0,0.00,67.3,19.6,69.8,21.0,1.4
2020-07-04 00:55,2020,0 to 24 h,14.00,276,0,0.00,67.9,19.9,70.4,21.3,1.4
2020-07-04 01:00,2020,0 to 24 h,14.08,261,0,0.00,68.3,20.2,70.1,21.2,1.0
2020-07-04 01:05,2020,0 to 24 h,14.17,259,0,0.00,67.8,19.9,69.5,20.8,0.9
2020-07-04 01:10,2020,0 to 24 h,14.25,261,0,0.00,67.4,19.7,69.5,20.8,1.2
2020-07-04 01:15,2020,0 to 24 h,14.33,259,0,0.00,68.2,20.1,70.2,21.2,1.1
2020-07-04 01:20,2020,0 to 24 h,14.42,254,0,0.00,68.4,20.2,70.4,21.3,1.1
2020-07-04 01:25,2020,0 to 24 h,14.50,254,0,0.00,68.8,20.4,71,21.7,1.2
2020-07-04 01:30,2020,0 to 24 h,14.58,245,0,0.00,68.1,20.1,69.7,20.9,0.9
2020-07-04 01:35,2020,0 to 24 h,14.67,262,0,0.00,67.2,19.6,69.2,20.7,1.1
2020-07-04 01:40,2020,0 to 24 h,14.75,254,0,0.00,67,19.4,69.7,20.9,1.5
2020-07-04 01:45,2020,0 to 24 h,14.83,256,0,0.00,67.4,19.7,70.1,21.2,1.5
2020-07-04 01:50,2020,0 to 24 h,14.92,259,0,0.00,67.8,19.9,69.8,21.0,1.1
2020-07-04 01:55,2020,0 to 24 h,15.00,258,0,0.00,67.9,19.9,70.1,21.2,1.2
2020-07-04 02:00,2020,0 to 24 h,15.08,261,0,0.00,68.4,20.2,70.5,21.4,1.2
2020-07-04 02:05,2020,0 to 24 h,15.17,259,0,0.00,68.9,20.5,71,21.7,1.2
2020-07-04 02:10,2020,0 to 24 h,15.25,255,0,0.00,68.2,20.1,70.2,21.2,1.1
2020-07-04 02:15,2020,0 to 24 h,15.33,261,0,0.00,66.9,19.4,68.7,20.4,1.0
2020-07-04 02:20,2020,0 to 24 h,15.42,266,0,0.00,66.2,19.0,68.4,20.2,1.2
2020-07-04 02:25,2020,0 to 24 h,15.50,265,0,0.00,66.4,19.1,69.3,20.7,1.6
2020-07-04 02:30,2020,0 to 24 h,15.58,276,0,0.00,66.7,19.3,69.4,20.8,1.5
2020-07-04 02:35,2020,0 to 24 h,15.67,240,0,0.00,66.9,19.4,69.9,21.1,1.7
2020-07-04 02:40,2020,0 to 24 h,15.75,242,0,0.00,66,18.9,68.3,20.2,1.3
2020-07-04 02:45,2020,0 to 24 h,15.83,235,0,0.00,65.4,18.6,67.4,19.7,1.1
2020-07-04 02:50,2020,0 to 24 h,15.92,234,0,0.00,65.3,18.5,67.2,19.6,1.1
2020-07-04 02:55,2020,0 to 24 h,16.00,228,0,0.00,65.2,18.4,67.4,19.7,1.2
2020-07-04 03:00,2020,0 to 24 h,16.08,220,0,0.00,66,18.9,68.9,20.5,1.6
2020-07-04 03:05,2020,0 to 24 h,16.17,217,0,0.00,66.5,19.2,68.4,20.2,1.1
2020-07-04 03:10,2020,0 to 24 h,16.25,228,0,0.00,66.4,19.1,68,20.0,0.9
2020-07-04 03:15,2020,0 to 24 h,16.33,245,0,0.00,66.1,18.9,67.9,19.9,1.0
2020-07-04 03:20,2020,0 to 24 h,16.42,224,0,0.00,65.4,18.6,67.2,19.6,1.0
2020-07-04 03:25,2020,0 to 24 h,16.50,244,0,0.00,64.7,18.2,66.6,19.2,1.1
2020-07-04 03:30,2020,0 to 24 h,16.58,210,0,0.00,64.5,18.1,66.4,19.1,1.1
2020-07-04 03:35,2020,0 to 24 h,16.67,221,0,0.00,64.5,18.1,66.3,19.1,1.0
2020-07-04 03:40,2020,0 to 24 h,16.75,197,0,0.00,64.4,18.0,66,18.9,0.9
2020-07-04 03:45,2020,0 to 24 h,16.83,201,0,0.00,64.4,18.0,65.9,18.8,0.8
2020-07-04 03:50,2020,0 to 24 h,16.92,230,0,0.00,64.3,17.9,66.8,19.3,1.4
2020-07-04 03:55,2020,0 to 24 h,17.00,221,0,0.00,64.9,18.3,68.1,20.1,1.8
2020-07-04 04:00,2020,0 to 24 h,17.08,230,0,0.00,65.1,18.4,67.2,19.6,1.2
2020-07-04 04:05,2020,0 to 24 h,17.17,230,0,0.00,64.9,18.3,66.6,19.2,0.9
2020-07-04 04:10,2020,0 to 24 h,17.25,218,0,0.00,64.2,17.9,66.2,19.0,1.1
2020-07-04 04:15,2020,0 to 24 h,17.33,220,0,0.00,63.8,17.7,65.9,18.8,1.2
2020-07-04 04:20,2020,0 to 24 h,17.42,220,0,0.00,63.5,17.5,65.8,18.8,1.3
2020-07-04 04:25,2020,0 to 24 h,17.50,221,0,0.00,63.3,17.4,65.3,18.5,1.1
2020-07-04 04:30,2020,0 to 24 h,17.58,224,0,0.00,63.6,17.6,65.6,18.7,1.1
2020-07-04 04:35,2020,0 to 24 h,17.67,228,0,0.00,63.6,17.6,65.7,18.7,1.2
2020-07-04 04:40,2020,0 to 24 h,17.75,220,0,0.00,63.3,17.4,65.2,18.4,1.1
2020-07-04 04:45,2020,0 to 24 h,17.83,220,0,0.00,63.5,17.5,65.1,18.4,0.9
2020-07-04 04:50,2020,0 to 24 h,17.92,240,0,0.00,63.8,17.7,65.4,18.6,0.9
2020-07-04 04:55,2020,0 to 24 h,18.00,214,0,0.00,64.1,17.8,66,18.9,1.1
2020-07-04 05:00,2020,0 to 24 h,18.08,210,1,0.45,64.4,18.0,66.2,19.0,1.0
2020-07-04 05:05,2020,0 to 24 h,18.17,206,0,0.00,64.7,18.2,66.4,19.1,0.9
2020-07-04 05:10,2020,0 to 24 h,18.25,201,0,0.00,64.8,18.2,66.7,19.3,1.1
2020-07-04 05:15,2020,0 to 24 h,18.33,192,0,0.00,64.7,18.2,67.1,19.5,1.3
2020-07-04 05:20,2020,0 to 24 h,18.42,125,1,0.45,65,18.3,66.9,19.4,1.1
2020-07-04 05:25,2020,0 to 24 h,18.50,63,0,0.00,65.4,18.6,66.9,19.4,0.8
2020-07-04 05:30,2020,0 to 24 h,18.58,64,0,0.00,65.6,18.7,67,19.4,0.8
2020-07-04 05:35,2020,0 to 24 h,18.67,56,2,0.89,66.1,18.9,67.4,19.7,0.7
2020-07-04 05:40,2020,0 to 24 h,18.75,59,1,0.45,66.5,19.2,67.8,19.9,0.7
2020-07-04 05:45,2020,0 to 24 h,18.83,62,1,0.45,66.5,19.2,67.7,19.8,0.7
2020-07-04 05:50,2020,0 to 24 h,18.92,64,1,0.45,66.7,19.3,67.7,19.8,0.6
2020-07-04 05:55,2020,0 to 24 h,19.00,67,1,0.45,67.3,19.6,68.2,20.1,0.5
2020-07-04 06:00,2020,0 to 24 h,19.08,67,1,0.45,67.8,19.9,68.5,20.3,0.4
2020-07-04 06:05,2020,0 to 24 h,19.17,67,0,0.00,68.2,20.1,68.9,20.5,0.4
2020-07-04 06:10,2020,0 to 24 h,19.25,67,0,0.00,68.6,20.3,69.1,20.6,0.3
2020-07-04 06:15,2020,0 to 24 h,19.33,67,0,0.00,68.9,20.5,69.5,20.8,0.3
2020-07-04 06:20,2020,0 to 24 h,19.42,67,0,0.00,69.7,20.9,70.4,21.3,0.4
2020-07-04 06:25,2020,0 to 24 h,19.50,63,0,0.00,70.1,21.2,70.5,21.4,0.2
2020-07-04 06:30,2020,0 to 24 h,19.58,62,1,0.45,70.3,21.3,70.7,21.5,0.2
2020-07-04 06:35,2020,0 to 24 h,19.67,62,0,0.00,70.9,21.6,71.3,21.8,0.2
2020-07-04 06:40,2020,0 to 24 h,19.75,57,0,0.00,71.6,22.0,72.3,22.4,0.4
2020-07-04 06:45,2020,0 to 24 h,19.83,50,0,0.00,72.4,22.4,72.9,22.7,0.3
2020-07-04 06:50,2020,0 to 24 h,19.92,53,0,0.00,73.2,22.9,73.7,23.2,0.3
2020-07-04 06:55,2020,0 to 24 h,20.00,55,0,0.00,73.7,23.2,74.2,23.4,0.3
2020-07-04 07:00,2020,0 to 24 h,20.08,66,0,0.00,73.6,23.1,73.8,23.2,0.1
2020-07-04 07:05,2020,0 to 24 h,20.17,67,1,0.45,73.1,22.8,73.4,23.0,0.2
2020-07-04 07:10,2020,0 to 24 h,20.25,80,0,0.00,73.5,23.1,74,23.3,0.3
2020-07-04 07:15,2020,0 to 24 h,20.33,217,0,0.00,73.7,23.2,74.1,23.4,0.2
2020-07-04 07:20,2020,0 to 24 h,20.42,238,0,0.00,74.5,23.6,74.9,23.8,0.2
2020-07-04 07:25,2020,0 to 24 h,20.50,69,0,0.00,75.6,24.2,76,24.4,0.2
2020-07-04 07:30,2020,0 to 24 h,20.58,121,1,0.45,76.2,24.6,76.3,24.6,0.1
2020-07-04 07:35,2020,0 to 24 h,20.67,62,2,0.89,75.8,24.3,75.8,24.3,0.0
2020-07-04 07:40,2020,0 to 24 h,20.75,62,1,0.45,75.9,24.4,75.9,24.4,0.0
2020-07-04 07:45,2020,0 to 24 h,20.83,63,2,0.89,76.5,24.7,76.3,24.6,
2020-07-04 07:50,2020,0 to 24 h,20.92,63,1,0.45,76.7,24.8,76.4,24.7,
2020-07-04 07:55,2020,0 to 24 h,21.00,72,2,0.89,77,25.0,76.9,24.9,
2020-07-04 08:00,2020,0 to 24 h,21.08,83,1,0.45,77.3,25.2,77.5,25.3,0.1
2020-07-04 08:05,2020,0 to 24 h,21.17,84,0,0.00,78.3,25.7,78.4,25.8,0.1
2020-07-04 08:10,2020,0 to 24 h,21.25,86,1,0.45,77.9,25.5,78,25.6,0.1
2020-07-04 08:15,2020,0 to 24 h,21.33,76,1,0.45,78,25.6,78.3,25.7,0.2
2020-07-04 08:20,2020,0 to 24 h,21.42,104,1,0.45,77.8,25.4,78.5,25.8,0.4
2020-07-04 08:25,2020,0 to 24 h,21.50,104,0,0.00,78.4,25.8,79.3,26.3,0.5
2020-07-04 08:30,2020,0 to 24 h,21.58,103,0,0.00,78.7,25.9,79.7,26.5,0.6
2020-07-04 08:35,2020,0 to 24 h,21.67,112,0,0.00,79.3,26.3,80.2,26.8,0.5
2020-07-04 08:40,2020,0 to 24 h,21.75,122,2,0.89,79.5,26.4,80.1,26.7,0.3
2020-07-04 08:45,2020,0 to 24 h,21.83,120,3,1.34,79.1,26.2,79.5,26.4,0.2
2020-07-04 08:50,2020,0 to 24 h,21.92,118,3,1.34,79,26.1,79.2,26.2,0.1
2020-07-04 08:55,2020,0 to 24 h,22.00,124,3,1.34,79.2,26.2,79.5,26.4,0.2
2020-07-04 09:00,2020,0 to 24 h,22.08,124,4,1.79,79.1,26.2,79.4,26.3,0.2
2020-07-04 09:05,2020,0 to 24 h,22.17,114,2,0.89,79.8,26.6,80,26.7,0.1
2020-07-04 09:10,2020,0 to 24 h,22.25,115,3,1.34,80,26.7,79.9,26.6,
2020-07-04 09:15,2020,0 to 24 h,22.33,125,2,0.89,80.3,26.8,80.4,26.9,0.1
2020-07-04 09:20,2020,0 to 24 h,22.42,108,2,0.89,81.3,27.4,81.3,27.4,0.0
2020-07-04 09:25,2020,0 to 24 h,22.50,136,2,0.89,81.4,27.4,81.4,27.4,0.0
2020-07-04 09:30,2020,0 to 24 h,22.58,132,3,1.34,81.5,27.5,81.5,27.5,0.0
2020-07-04 09:35,2020,0 to 24 h,22.67,146,2,0.89,81.6,27.6,81.5,27.5,
2020-07-04 09:40,2020,0 to 24 h,22.75,145,3,1.34,81.7,27.6,81.7,27.6,0.0
2020-07-04 09:45,2020,0 to 24 h,22.83,138,3,1.34,82,27.8,81.8,27.7,
2020-07-04 09:50,2020,0 to 24 h,22.92,122,3,1.34,82.4,28.0,82.2,27.9,
2020-07-04 09:55,2020,0 to 24 h,23.00,112,2,0.89,83.1,28.4,82.6,28.1,
2020-07-04 10:00,2020,0 to 24 h,23.08,90,2,0.89,83.5,28.6,82.9,28.3,
2020-07-04 10:05,2020,0 to 24 h,23.17,111,2,0.89,83.5,28.6,82.9,28.3,
2020-07-04 10:10,2020,0 to 24 h,23.25,121,3,1.34,83.3,28.5,82.8,28.2,
2020-07-04 10:15,2020,0 to 24 h,23.33,118,2,0.89,83.3,28.5,82.9,28.3,
2020-07-04 10:20,2020,0 to 24 h,23.42,128,2,0.89,83.8,28.8,83.3,28.5,
2020-07-04 10:25,2020,0 to 24 h,23.50,122,2,0.89,84,28.9,83.2,28.4,
2020-07-04 10:30,2020,0 to 24 h,23.58,136,3,1.34,83.9,28.8,83.1,28.4,
2020-07-04 10:35,2020,0 to 24 h,23.67,118,2,0.89,84.4,29.1,83.6,28.7,
2020-07-04 10:40,2020,0 to 24 h,23.75,122,2,0.89,84.7,29.3,83.6,28.7,
2020-07-04 10:45,2020,0 to 24 h,23.83,103,2,0.89,85.6,29.8,84.3,29.1,
2020-07-04 10:50,2020,0 to 24 h,23.92,124,3,1.34,85.3,29.6,84.3,29.1,
2020-07-04 10:55,2020,24 to 48 h,24.00,132,2,0.89,85.9,29.9,84.9,29.4,
2020-07-04 11:00,2020,24 to 48 h,24.08,96,1,0.45,86.4,30.2,85.3,29.6,
2020-07-04 11:05,2020,24 to 48 h,24.17,73,2,0.89,86.6,30.3,84.8,29.3,
2020-07-04 11:10,2020,24 to 48 h,24.25,83,1,0.45,86.9,30.5,85.2,29.6,
2020-07-04 11:15,2020,24 to 48 h,24.33,110,1,0.45,86.8,30.4,85.2,29.6,
2020-07-04 11:20,2020,24 to 48 h,24.42,93,2,0.89,86.6,30.3,85,29.4,
2020-07-04 11:25,2020,24 to 48 h,24.50,72,2,0.89,86.5,30.3,84.7,29.3,
2020-07-04 11:30,2020,24 to 48 h,24.58,98,2,0.89,87.1,30.6,85.3,29.6,
2020-07-04 11:35,2020,24 to 48 h,24.67,80,2,0.89,86.5,30.3,84.9,29.4,
2020-07-04 11:40,2020,24 to 48 h,24.75,112,2,0.89,86.7,30.4,85.2,29.6,
2020-07-04 11:45,2020,24 to 48 h,24.83,135,3,1.34,86.5,30.3,85.1,29.5,
2020-07-04 11:50,2020,24 to 48 h,24.92,129,1,0.45,87.5,30.8,86.1,30.1,
2020-07-04 11:55,2020,24 to 48 h,25.00,84,1,0.45,88.5,31.4,86.8,30.4,
2020-07-04 12:00,2020,24 to 48 h,25.08,97,1,0.45,88.2,31.2,86.1,30.1,
2020-07-04 12:05,2020,24 to 48 h,25.17,69,2,0.89,89,31.7,86.4,30.2,
2020-07-04 12:10,2020,24 to 48 h,25.25,69,2,0.89,88.2,31.2,85.8,29.9,
2020-07-04 12:15,2020,24 to 48 h,25.33,57,2,0.89,88.1,31.2,85.6,29.8,
2020-07-04 12:20,2020,24 to 48 h,25.42,84,1,0.45,88.9,31.6,86.7,30.4,
2020-07-04 12:25,2020,24 to 48 h,25.50,114,2,0.89,88.5,31.4,86.4,30.2,
2020-07-04 12:30,2020,24 to 48 h,25.58,111,1,0.45,88.8,31.6,87,30.6,
2020-07-04 12:35,2020,24 to 48 h,25.67,138,1,0.45,88.5,31.4,86.8,30.4,
2020-07-04 12:40,2020,24 to 48 h,25.75,108,0,0.00,90.2,32.3,88.3,31.3,
2020-07-04 12:45,2020,24 to 48 h,25.83,115,2,0.89,89.5,31.9,87.3,30.7,
2020-07-04 12:50,2020,24 to 48 h,25.92,114,1,0.45,89.2,31.8,87.1,30.6,
2020-07-04 12:55,2020,24 to 48 h,26.00,87,1,0.45,90.7,32.6,88.5,31.4,
2020-07-04 13:00,2020,24 to 48 h,26.08,134,1,0.45,89.7,32.1,87.7,30.9,
2020-07-04 13:05,2020,24 to 48 h,26.17,79,0,0.00,91.1,32.8,88.7,31.5,
2020-07-04 13:10,2020,24 to 48 h,26.25,207,1,0.45,88.6,31.4,85.9,29.9,
2020-07-04 13:15,2020,24 to 48 h,26.33,214,0,0.00,89.8,32.1,88,31.1,
2020-07-04 13:20,2020,24 to 48 h,26.42,120,2,0.89,90.2,32.3,88,31.1,
2020-07-04 13:25,2020,24 to 48 h,26.50,121,3,1.34,89.4,31.9,87.3,30.7,
2020-07-04 13:30,2020,24 to 48 h,26.58,115,1,0.45,88.8,31.6,87,30.6,
2020-07-04 13:35,2020,24 to 48 h,26.67,128,1,0.45,85.9,29.9,85.2,29.6,
2020-07-04 13:40,2020,24 to 48 h,26.75,129,1,0.45,87.7,30.9,86.9,30.5,
2020-07-04 13:45,2020,24 to 48 h,26.83,129,2,0.89,89.1,31.7,87.6,30.9,
2020-07-04 13:50,2020,24 to 48 h,26.92,131,2,0.89,89.6,32.0,87.8,31.0,
2020-07-04 13:55,2020,24 to 48 h,27.00,122,1,0.45,90.2,32.3,88,31.1,
2020-07-04 14:00,2020,24 to 48 h,27.08,100,2,0.89,88.1,31.2,86.7,30.4,
2020-07-04 14:05,2020,24 to 48 h,27.17,129,2,0.89,89.8,32.1,88.1,31.2,
2020-07-04 14:10,2020,24 to 48 h,27.25,105,1,0.45,90.2,32.3,88.3,31.3,
2020-07-04 14:15,2020,24 to 48 h,27.33,90,1,0.45,90.4,32.4,88.5,31.4,
2020-07-04 14:20,2020,24 to 48 h,27.42,76,2,0.89,90.6,32.6,88,31.1,
2020-07-04 14:25,2020,24 to 48 h,27.50,115,0,0.00,92,33.3,89.6,32.0,
2020-07-04 14:30,2020,24 to 48 h,27.58,127,1,0.45,89.2,31.8,87.4,30.8,
2020-07-04 14:35,2020,24 to 48 h,27.67,69,1,0.45,89.8,32.1,88.1,31.2,
2020-07-04 14:40,2020,24 to 48 h,27.75,70,1,0.45,90.5,32.5,88.4,31.3,
2020-07-04 14:45,2020,24 to 48 h,27.83,56,2,0.89,91.7,33.2,88.6,31.4,
2020-07-04 14:50,2020,24 to 48 h,27.92,112,2,0.89,90.7,32.6,88.3,31.3,
2020-07-04 14:55,2020,24 to 48 h,28.00,74,1,0.45,91.3,32.9,88.7,31.5,
2020-07-04 15:00,2020,24 to 48 h,28.08,132,1,0.45,91.1,32.8,89.1,31.7,
2020-07-04 15:05,2020,24 to 48 h,28.17,115,1,0.45,89.5,31.9,88.1,31.2,
2020-07-04 15:10,2020,24 to 48 h,28.25,131,1,0.45,90.2,32.3,88.8,31.6,
2020-07-04 15:15,2020,24 to 48 h,28.33,156,1,0.45,91.1,32.8,89.6,32.0,
2020-07-04 15:20,2020,24 to 48 h,28.42,182,3,1.34,89.7,32.1,88.4,31.3,
2020-07-04 15:25,2020,24 to 48 h,28.50,148,2,0.89,89.5,31.9,88.2,31.2,
2020-07-04 15:30,2020,24 to 48 h,28.58,230,1,0.45,90.7,32.6,89.7,32.1,
2020-07-04 15:35,2020,24 to 48 h,28.67,175,1,0.45,90.5,32.5,89.5,31.9,
2020-07-04 15:40,2020,24 to 48 h,28.75,118,1,0.45,90.5,32.5,89,31.7,
2020-07-04 15:45,2020,24 to 48 h,28.83,122,1,0.45,89.8,32.1,88.4,31.3,
2020-07-04 15:50,2020,24 to 48 h,28.92,163,0,0.00,89.5,31.9,88.3,31.3,
2020-07-04 15:55,2020,24 to 48 h,29.00,110,1,0.45,87.7,30.9,86.9,30.5,
2020-07-04 16:00,2020,24 to 48 h,29.08,93,0,0.00,88.7,31.5,88.1,31.2,
2020-07-04 16:05,2020,24 to 48 h,29.17,73,1,0.45,90,32.2,88.9,31.6,
2020-07-04 16:10,2020,24 to 48 h,29.25,31,0,0.00,92.2,33.4,89.6,32.0,
2020-07-04 16:15,2020,24 to 48 h,29.33,118,0,0.00,93.3,34.1,89.7,32.1,
2020-07-04 16:20,2020,24 to 48 h,29.42,63,1,0.45,92.6,33.7,90.1,32.3,
2020-07-04 16:25,2020,24 to 48 h,29.50,76,1,0.45,92.9,33.8,90.5,32.5,
2020-07-04 16:30,2020,24 to 48 h,29.58,128,3,1.34,91.3,32.9,89.6,32.0,
2020-07-04 16:35,2020,24 to 48 h,29.67,118,2,0.89,90.4,32.4,89.1,31.7,
2020-07-04 16:40,2020,24 to 48 h,29.75,84,1,0.45,88.9,31.6,87.9,31.1,
2020-07-04 16:45,2020,24 to 48 h,29.83,70,1,0.45,87.2,30.7,86.4,30.2,
2020-07-04 16:50,2020,24 to 48 h,29.92,76,1,0.45,85.9,29.9,85.6,29.8,
2020-07-04 16:55,2020,24 to 48 h,30.00,88,0,0.00,85.6,29.8,85.5,29.7,
2020-07-04 17:00,2020,24 to 48 h,30.08,90,0,0.00,85.4,29.7,85.5,29.7,0.1
2020-07-04 17:05,2020,24 to 48 h,30.17,88,0,0.00,85.2,29.6,85.2,29.6,0.0
2020-07-04 17:10,2020,24 to 48 h,30.25,88,0,0.00,85.9,29.9,85.9,29.9,0.0
2020-07-04 17:15,2020,24 to 48 h,30.33,76,0,0.00,89.7,32.1,88.6,31.4,
2020-07-04 17:20,2020,24 to 48 h,30.42,112,1,0.45,89.5,31.9,88.4,31.3,
2020-07-04 17:25,2020,24 to 48 h,30.50,125,1,0.45,88.4,31.3,87.8,31.0,
2020-07-04 17:30,2020,24 to 48 h,30.58,128,1,0.45,88.2,31.2,87.5,30.8,
2020-07-04 17:35,2020,24 to 48 h,30.67,121,2,0.89,88.1,31.2,87.3,30.7,
2020-07-04 17:40,2020,24 to 48 h,30.75,115,0,0.00,88.5,31.4,87.8,31.0,
2020-07-04 17:45,2020,24 to 48 h,30.83,124,1,0.45,88.3,31.3,87.6,30.9,
2020-07-04 17:50,2020,24 to 48 h,30.92,127,0,0.00,88.5,31.4,87.9,31.1,
2020-07-04 17:55,2020,24 to 48 h,31.00,120,1,0.45,88.6,31.4,87.9,31.1,
2020-07-04 18:00,2020,24 to 48 h,31.08,120,0,0.00,88.7,31.5,88,31.1,
2020-07-04 18:05,2020,24 to 48 h,31.17,120,0,0.00,89.3,31.8,88.5,31.4,
2020-07-04 18:10,2020,24 to 48 h,31.25,120,0,0.00,89.7,32.1,88.5,31.4,
2020-07-04 18:15,2020,24 to 48 h,31.33,142,0,0.00,90.2,32.3,88.6,31.4,
2020-07-04 18:20,2020,24 to 48 h,31.42,131,0,0.00,89.2,31.8,88.1,31.2,
2020-07-04 18:25,2020,24 to 48 h,31.50,131,0,0.00,88.4,31.3,87.7,30.9,
2020-07-04 18:30,2020,24 to 48 h,31.58,129,0,0.00,87.7,30.9,87.2,30.7,
2020-07-04 18:35,2020,24 to 48 h,31.67,131,0,0.00,87.5,30.8,87.2,30.7,
2020-07-04 18:40,2020,24 to 48 h,31.75,131,0,0.00,88,31.1,87.7,30.9,
2020-07-04 18:45,2020,24 to 48 h,31.83,131,0,0.00,87.7,30.9,87.5,30.8,
2020-07-04 18:50,2020,24 to 48 h,31.92,131,0,0.00,87.5,30.8,87.1,30.6,
2020-07-04 18:55,2020,24 to 48 h,32.00,131,0,0.00,87.3,30.7,87.1,30.6,
2020-07-04 19:00,2020,24 to 48 h,32.08,131,0,0.00,87.8,31.0,87.6,30.9,
2020-07-04 19:05,2020,24 to 48 h,32.17,131,0,0.00,88.9,31.6,88.3,31.3,
2020-07-04 19:10,2020,24 to 48 h,32.25,131,0,0.00,88.6,31.4,87.9,31.1,
2020-07-04 19:15,2020,24 to 48 h,32.33,131,0,0.00,89.1,31.7,88,31.1,
2020-07-04 19:20,2020,24 to 48 h,32.42,131,0,0.00,90,32.2,88.9,31.6,
2020-07-04 19:25,2020,24 to 48 h,32.50,131,0,0.00,89.4,31.9,88.7,31.5,
2020-07-04 19:30,2020,24 to 48 h,32.58,131,0,0.00,87.9,31.1,87.8,31.0,
2020-07-04 19:35,2020,24 to 48 h,32.67,131,0,0.00,87.1,30.6,86.7,30.4,
2020-07-04 19:40,2020,24 to 48 h,32.75,131,0,0.00,85.7,29.8,85.8,29.9,0.1
2020-07-04 19:45,2020,24 to 48 h,32.83,131,0,0.00,83.7,28.7,84.7,29.3,0.6
2020-07-04 19:50,2020,24 to 48 h,32.92,131,0,0.00,81.9,27.7,84.2,29.0,1.3
2020-07-04 19:55,2020,24 to 48 h,33.00,131,0,0.00,80.9,27.2,83.6,28.7,1.5
2020-07-04 20:00,2020,24 to 48 h,33.08,131,0,0.00,80.1,26.7,82.4,28.0,1.3
2020-07-04 20:05,2020,24 to 48 h,33.17,131,0,0.00,79.9,26.6,82.1,27.8,1.2
2020-07-04 20:10,2020,24 to 48 h,33.25,131,0,0.00,79.2,26.2,81.7,27.6,1.4
2020-07-04 20:15,2020,24 to 48 h,33.33,131,0,0.00,78.1,25.6,80.3,26.8,1.2
2020-07-04 20:20,2020,24 to 48 h,33.42,131,0,0.00,77,25.0,79.3,26.3,1.3
2020-07-04 20:25,2020,24 to 48 h,33.50,189,0,0.00,76.9,24.9,79.4,26.3,1.4
2020-07-04 20:30,2020,24 to 48 h,33.58,278,0,0.00,76,24.4,78.3,25.7,1.3
2020-07-04 20:35,2020,24 to 48 h,33.67,319,0,0.00,74.8,23.8,77.1,25.1,1.3
2020-07-04 20:40,2020,24 to 48 h,33.75,272,0,0.00,73.8,23.2,76.9,24.9,1.7
2020-07-04 20:45,2020,24 to 48 h,33.83,282,0,0.00,73.4,23.0,76.6,24.8,1.8
2020-07-04 20:50,2020,24 to 48 h,33.92,216,0,0.00,72.9,22.7,75.9,24.4,1.7
2020-07-04 20:55,2020,24 to 48 h,34.00,187,0,0.00,72.2,22.3,75.5,24.2,1.8
2020-07-04 21:00,2020,24 to 48 h,34.08,180,0,0.00,71.6,22.0,75.3,24.1,2.1
2020-07-04 21:05,2020,24 to 48 h,34.17,194,0,0.00,71.3,21.8,74.9,23.8,2.0
2020-07-04 21:10,2020,24 to 48 h,34.25,192,0,0.00,71,21.7,74.4,23.6,1.9
2020-07-04 21:15,2020,24 to 48 h,34.33,194,0,0.00,70.8,21.6,74.2,23.4,1.9
2020-07-04 21:20,2020,24 to 48 h,34.42,192,0,0.00,70.5,21.4,73.4,23.0,1.6
2020-07-04 21:25,2020,24 to 48 h,34.50,203,0,0.00,70.3,21.3,73,22.8,1.5
2020-07-04 21:30,2020,24 to 48 h,34.58,207,0,0.00,70.1,21.2,73.1,22.8,1.7
2020-07-04 21:35,2020,24 to 48 h,34.67,207,0,0.00,70.1,21.2,72.9,22.7,1.6
2020-07-04 21:40,2020,24 to 48 h,34.75,194,0,0.00,70.2,21.2,72.8,22.7,1.4
2020-07-04 21:45,2020,24 to 48 h,34.83,196,0,0.00,70.4,21.3,73.4,23.0,1.7
2020-07-04 21:50,2020,24 to 48 h,34.92,199,0,0.00,70.1,21.2,73.2,22.9,1.7
2020-07-04 21:55,2020,24 to 48 h,35.00,201,0,0.00,69.8,21.0,72.5,22.5,1.5
2020-07-04 22:00,2020,24 to 48 h,35.08,242,0,0.00,69.5,20.8,72.1,22.3,1.4
2020-07-04 22:05,2020,24 to 48 h,35.17,227,0,0.00,69.3,20.7,71.7,22.1,1.3
2020-07-04 22:10,2020,24 to 48 h,35.25,201,0,0.00,69.2,20.7,71.6,22.0,1.3
2020-07-04 22:15,2020,24 to 48 h,35.33,200,0,0.00,69.5,20.8,71.9,22.2,1.3
2020-07-04 22:20,2020,24 to 48 h,35.42,199,0,0.00,69.6,20.9,71.8,22.1,1.2
2020-07-04 22:25,2020,24 to 48 h,35.50,199,0,0.00,69.5,20.8,71.3,21.8,1.0
2020-07-04 22:30,2020,24 to 48 h,35.58,199,0,0.00,69,20.6,71.1,21.7,1.2
2020-07-04 22:35,2020,24 to 48 h,35.67,199,0,0.00,69.1,20.6,71.4,21.9,1.3
2020-07-04 22:40,2020,24 to 48 h,35.75,200,0,0.00,69.1,20.6,72,22.2,1.6
2020-07-04 22:45,2020,24 to 48 h,35.83,199,0,0.00,68.7,20.4,71.7,22.1,1.7
2020-07-04 22:50,2020,24 to 48 h,35.92,208,0,0.00,68.5,20.3,71.1,21.7,1.4
2020-07-04 22:55,2020,24 to 48 h,36.00,248,0,0.00,68.5,20.3,70.6,21.4,1.2
2020-07-04 23:00,2020,24 to 48 h,36.08,292,0,0.00,68.4,20.2,70.8,21.6,1.3
2020-07-04 23:05,2020,24 to 48 h,36.17,265,0,0.00,68.4,20.2,71.2,21.8,1.6
2020-07-04 23:10,2020,24 to 48 h,36.25,245,0,0.00,68.7,20.4,70.9,21.6,1.2
2020-07-04 23:15,2020,24 to 48 h,36.33,271,0,0.00,68.9,20.5,70.8,21.6,1.1
2020-07-04 23:20,2020,24 to 48 h,36.42,259,0,0.00,68.7,20.4,70.7,21.5,1.1
2020-07-04 23:25,2020,24 to 48 h,36.50,249,0,0.00,68.4,20.2,70.4,21.3,1.1
2020-07-04 23:30,2020,24 to 48 h,36.58,247,0,0.00,68.5,20.3,70.2,21.2,0.9
2020-07-04 23:35,2020,24 to 48 h,36.67,220,0,0.00,68.6,20.3,70.6,21.4,1.1
2020-07-04 23:40,2020,24 to 48 h,36.75,220,0,0.00,68.3,20.2,70.6,21.4,1.3
2020-07-04 23:45,2020,24 to 48 h,36.83,206,0,0.00,67.8,19.9,69.9,21.1,1.2
2020-07-04 23:50,2020,24 to 48 h,36.92,220,0,0.00,67.6,19.8,69.7,20.9,1.2
2020-07-04 23:55,2020,24 to 48 h,37.00,196,0,0.00,67.4,19.7,70,21.1,1.4
2020-07-05 00:00,2020,24 to 48 h,37.08,220,0,0.00,67.3,19.6,70,21.1,1.5
2020-07-05 00:05,2020,24 to 48 h,37.17,208,0,0.00,67.7,19.8,70.6,21.4,1.6
2020-07-05 00:10,2020,24 to 48 h,37.25,206,0,0.00,68,20.0,70.4,21.3,1.3
2020-07-05 00:15,2020,24 to 48 h,37.33,221,0,0.00,67.4,19.7,69.9,21.1,1.4
2020-07-05 00:20,2020,24 to 48 h,37.42,217,0,0.00,66.9,19.4,69.6,20.9,1.5
2020-07-05 00:25,2020,24 to 48 h,37.50,268,0,0.00,66.7,19.3,69.3,20.7,1.4
2020-07-05 00:30,2020,24 to 48 h,37.58,317,0,0.00,66.7,19.3,68.9,20.5,1.2
2020-07-05 00:35,2020,24 to 48 h,37.67,255,0,0.00,66.7,19.3,69.2,20.7,1.4
2020-07-05 00:40,2020,24 to 48 h,37.75,247,0,0.00,66.7,19.3,69.4,20.8,1.5
2020-07-05 00:45,2020,24 to 48 h,37.83,251,0,0.00,66.8,19.3,69.4,20.8,1.4
2020-07-05 00:50,2020,24 to 48 h,37.92,249,0,0.00,66.6,19.2,69.1,20.6,1.4
2020-07-05 00:55,2020,24 to 48 h,38.00,245,0,0.00,66.6,19.2,69.2,20.7,1.4
2020-07-05 01:00,2020,24 to 48 h,38.08,268,0,0.00,67.1,19.5,69.6,20.9,1.4
2020-07-05 01:05,2020,24 to 48 h,38.17,251,0,0.00,67.2,19.6,70.1,21.2,1.6
2020-07-05 01:10,2020,24 to 48 h,38.25,235,0,0.00,66.8,19.3,70.2,21.2,1.9
2020-07-05 01:15,2020,24 to 48 h,38.33,255,0,0.00,66.4,19.1,69.7,20.9,1.8
2020-07-05 01:20,2020,24 to 48 h,38.42,248,0,0.00,66.6,19.2,69.8,21.0,1.8
2020-07-05 01:25,2020,24 to 48 h,38.50,251,0,0.00,66.5,19.2,70,21.1,1.9
2020-07-05 01:30,2020,24 to 48 h,38.58,247,0,0.00,66.3,19.1,69.6,20.9,1.8
2020-07-05 01:35,2020,24 to 48 h,38.67,258,0,0.00,66,18.9,69.8,21.0,2.1
2020-07-05 01:40,2020,24 to 48 h,38.75,258,0,0.00,66.1,18.9,69.2,20.7,1.7
2020-07-05 01:45,2020,24 to 48 h,38.83,256,0,0.00,65.8,18.8,68.4,20.2,1.4
2020-07-05 01:50,2020,24 to 48 h,38.92,266,0,0.00,65.9,18.8,68.3,20.2,1.3
2020-07-05 01:55,2020,24 to 48 h,39.00,265,0,0.00,66.2,19.0,68.4,20.2,1.2
2020-07-05 02:00,2020,24 to 48 h,39.08,249,0,0.00,65.9,18.8,68.4,20.2,1.4
2020-07-05 02:05,2020,24 to 48 h,39.17,258,0,0.00,65.6,18.7,68.5,20.3,1.6
2020-07-05 02:10,2020,24 to 48 h,39.25,252,0,0.00,65.5,18.6,68.7,20.4,1.8
2020-07-05 02:15,2020,24 to 48 h,39.33,259,0,0.00,65.4,18.6,68.3,20.2,1.6
2020-07-05 02:20,2020,24 to 48 h,39.42,256,0,0.00,65.6,18.7,68.1,20.1,1.4
2020-07-05 02:25,2020,24 to 48 h,39.50,261,0,0.00,65.9,18.8,68.1,20.1,1.2
2020-07-05 02:30,2020,24 to 48 h,39.58,286,0,0.00,65.9,18.8,67.9,19.9,1.1
2020-07-05 02:35,2020,24 to 48 h,39.67,276,0,0.00,65.8,18.8,68.1,20.1,1.3
2020-07-05 02:40,2020,24 to 48 h,39.75,214,0,0.00,65.9,18.8,69,20.6,1.7
2020-07-05 02:45,2020,24 to 48 h,39.83,234,0,0.00,65.6,18.7,68.7,20.4,1.7
2020-07-05 02:50,2020,24 to 48 h,39.92,234,0,0.00,65.5,18.6,68.4,20.2,1.6
2020-07-05 02:55,2020,24 to 48 h,40.00,213,0,0.00,65.3,18.5,67.8,19.9,1.4
2020-07-05 03:00,2020,24 to 48 h,40.08,207,0,0.00,65.4,18.6,67.6,19.8,1.2
2020-07-05 03:05,2020,24 to 48 h,40.17,210,0,0.00,65.4,18.6,67.6,19.8,1.2
2020-07-05 03:10,2020,24 to 48 h,40.25,207,0,0.00,65.1,18.4,67.2,19.6,1.2
2020-07-05 03:15,2020,24 to 48 h,40.33,206,0,0.00,64.9,18.3,67,19.4,1.2
2020-07-05 03:20,2020,24 to 48 h,40.42,203,0,0.00,64.9,18.3,68,20.0,1.7
2020-07-05 03:25,2020,24 to 48 h,40.50,210,0,0.00,65.1,18.4,68.6,20.3,1.9
2020-07-05 03:30,2020,24 to 48 h,40.58,231,0,0.00,64.8,18.2,68.2,20.1,1.9
2020-07-05 03:35,2020,24 to 48 h,40.67,228,0,0.00,64.4,18.0,67.4,19.7,1.7
2020-07-05 03:40,2020,24 to 48 h,40.75,228,0,0.00,64.1,17.8,66.7,19.3,1.4
2020-07-05 03:45,2020,24 to 48 h,40.83,217,0,0.00,64.1,17.8,66.1,18.9,1.1
2020-07-05 03:50,2020,24 to 48 h,40.92,210,0,0.00,64.1,17.8,65.9,18.8,1.0
2020-07-05 03:55,2020,24 to 48 h,41.00,211,0,0.00,64.1,17.8,66,18.9,1.1
2020-07-05 04:00,2020,24 to 48 h,41.08,211,0,0.00,64.6,18.1,66.9,19.4,1.3
2020-07-05 04:05,2020,24 to 48 h,41.17,213,0,0.00,64.5,18.1,67.2,19.6,1.5
2020-07-05 04:10,2020,24 to 48 h,41.25,217,0,0.00,64.1,17.8,66.7,19.3,1.4
2020-07-05 04:15,2020,24 to 48 h,41.33,213,0,0.00,64.1,17.8,66.4,19.1,1.3
2020-07-05 04:20,2020,24 to 48 h,41.42,216,0,0.00,63.7,17.6,66.5,19.2,1.6
2020-07-05 04:25,2020,24 to 48 h,41.50,214,0,0.00,63.7,17.6,66.4,19.1,1.5
2020-07-05 04:30,2020,24 to 48 h,41.58,216,0,0.00,63.4,17.4,66.3,19.1,1.6
2020-07-05 04:35,2020,24 to 48 h,41.67,220,0,0.00,63.4,17.4,66.6,19.2,1.8
2020-07-05 04:40,2020,24 to 48 h,41.75,217,0,0.00,63.4,17.4,67.3,19.6,2.2
2020-07-05 04:45,2020,24 to 48 h,41.83,217,0,0.00,64,17.8,67.3,19.6,1.8
2020-07-05 04:50,2020,24 to 48 h,41.92,221,0,0.00,64.1,17.8,67.3,19.6,1.8
2020-07-05 04:55,2020,24 to 48 h,42.00,213,0,0.00,64,17.8,66.8,19.3,1.6
2020-07-05 05:00,2020,24 to 48 h,42.08,213,0,0.00,64,17.8,66.7,19.3,1.5
2020-07-05 05:05,2020,24 to 48 h,42.17,220,0,0.00,63.9,17.7,66.5,19.2,1.4
2020-07-05 05:10,2020,24 to 48 h,42.25,210,0,0.00,63.5,17.5,65.7,18.7,1.2
2020-07-05 05:15,2020,24 to 48 h,42.33,210,0,0.00,63.4,17.4,65.4,18.6,1.1
2020-07-05 05:20,2020,24 to 48 h,42.42,213,0,0.00,63.6,17.6,65.4,18.6,1.0
2020-07-05 05:25,2020,24 to 48 h,42.50,220,0,0.00,64,17.8,65.8,18.8,1.0
2020-07-05 05:30,2020,24 to 48 h,42.58,216,0,0.00,63.6,17.6,65.7,18.7,1.2
2020-07-05 05:35,2020,24 to 48 h,42.67,221,0,0.00,63.9,17.7,65.7,18.7,1.0
2020-07-05 05:40,2020,24 to 48 h,42.75,223,0,0.00,64,17.8,66.1,18.9,1.2
2020-07-05 05:45,2020,24 to 48 h,42.83,220,0,0.00,63.9,17.7,66,18.9,1.2
2020-07-05 05:50,2020,24 to 48 h,42.92,217,0,0.00,63.9,17.7,65.9,18.8,1.1
2020-07-05 05:55,2020,24 to 48 h,43.00,218,0,0.00,64.2,17.9,65.9,18.8,0.9
2020-07-05 06:00,2020,24 to 48 h,43.08,224,0,0.00,64.8,18.2,66.8,19.3,1.1
2020-07-05 06:05,2020,24 to 48 h,43.17,321,0,0.00,65.4,18.6,67.2,19.6,1.0
2020-07-05 06:10,2020,24 to 48 h,43.25,331,0,0.00,66.3,19.1,68.4,20.2,1.2
2020-07-05 06:15,2020,24 to 48 h,43.33,276,0,0.00,67,19.4,69,20.6,1.1
2020-07-05 06:20,2020,24 to 48 h,43.42,299,0,0.00,67.6,19.8,69.5,20.8,1.1
2020-07-05 06:25,2020,24 to 48 h,43.50,309,0,0.00,69,20.6,70.9,21.6,1.1
2020-07-05 06:30,2020,24 to 48 h,43.58,249,0,0.00,70.4,21.3,72.5,22.5,1.2
2020-07-05 06:35,2020,24 to 48 h,43.67,214,0,0.00,71.6,22.0,74.1,23.4,1.4
2020-07-05 06:40,2020,24 to 48 h,43.75,196,0,0.00,71.5,21.9,73.5,23.1,1.1
2020-07-05 06:45,2020,24 to 48 h,43.83,200,0,0.00,71.8,22.1,73.7,23.2,1.1
2020-07-05 06:50,2020,24 to 48 h,43.92,196,0,0.00,72.2,22.3,74.2,23.4,1.1
2020-07-05 06:55,2020,24 to 48 h,44.00,225,0,0.00,72.3,22.4,73.9,23.3,0.9
2020-07-05 07:00,2020,24 to 48 h,44.08,57,1,0.45,72.1,22.3,73.5,23.1,0.8
2020-07-05 07:05,2020,24 to 48 h,44.17,186,0,0.00,72.5,22.5,73.8,23.2,0.7
2020-07-05 07:10,2020,24 to 48 h,44.25,173,1,0.45,73,22.8,74.3,23.5,0.7
2020-07-05 07:15,2020,24 to 48 h,44.33,15,1,0.45,73.3,22.9,74.4,23.6,0.6
2020-07-05 07:20,2020,24 to 48 h,44.42,50,1,0.45,73.7,23.2,74.8,23.8,0.6
2020-07-05 07:25,2020,24 to 48 h,44.50,249,1,0.45,74.1,23.4,75.2,24.0,0.6
2020-07-05 07:30,2020,24 to 48 h,44.58,295,1,0.45,74.5,23.6,75.5,24.2,0.6
2020-07-05 07:35,2020,24 to 48 h,44.67,278,1,0.45,74.9,23.8,75.9,24.4,0.6
2020-07-05 07:40,2020,24 to 48 h,44.75,273,1,0.45,75.3,24.1,76.5,24.7,0.7
2020-07-05 07:45,2020,24 to 48 h,44.83,272,3,1.34,75.8,24.3,77,25.0,0.7
2020-07-05 07:50,2020,24 to 48 h,44.92,275,2,0.89,76.1,24.5,77.3,25.2,0.7
2020-07-05 07:55,2020,24 to 48 h,45.00,268,3,1.34,76.4,24.7,77.6,25.3,0.7
2020-07-05 08:00,2020,24 to 48 h,45.08,272,3,1.34,76.6,24.8,77.7,25.4,0.6
2020-07-05 08:05,2020,24 to 48 h,45.17,262,2,0.89,77.1,25.1,78.2,25.7,0.6
2020-07-05 08:10,2020,24 to 48 h,45.25,273,2,0.89,77.6,25.3,78.7,25.9,0.6
2020-07-05 08:15,2020,24 to 48 h,45.33,279,3,1.34,77.6,25.3,78.7,25.9,0.6
2020-07-05 08:20,2020,24 to 48 h,45.42,273,3,1.34,77.5,25.3,78.7,25.9,0.7
2020-07-05 08:25,2020,24 to 48 h,45.50,271,2,0.89,78.1,25.6,79.2,26.2,0.6
2020-07-05 08:30,2020,24 to 48 h,45.58,259,2,0.89,78.6,25.9,79.6,26.4,0.6
2020-07-05 08:35,2020,24 to 48 h,45.67,271,2,0.89,78.9,26.1,79.9,26.6,0.6
2020-07-05 08:40,2020,24 to 48 h,45.75,245,2,0.89,79.7,26.5,80.4,26.9,0.4
2020-07-05 08:45,2020,24 to 48 h,45.83,254,2,0.89,80.1,26.7,80.6,27.0,0.3
2020-07-05 08:50,2020,24 to 48 h,45.92,264,2,0.89,80.3,26.8,80.9,27.2,0.3
2020-07-05 08:55,2020,24 to 48 h,46.00,265,2,0.89,80.4,26.9,81,27.2,0.3
2020-07-05 09:00,2020,24 to 48 h,46.08,275,3,1.34,80.5,26.9,81,27.2,0.3
2020-07-05 09:05,2020,24 to 48 h,46.17,272,3,1.34,80.5,26.9,81.2,27.3,0.4
2020-07-05 09:10,2020,24 to 48 h,46.25,286,3,1.34,80.7,27.1,81.3,27.4,0.3
2020-07-05 09:15,2020,24 to 48 h,46.33,276,3,1.34,81.2,27.3,81.6,27.6,0.2
2020-07-05 09:20,2020,24 to 48 h,46.42,289,4,1.79,80.7,27.1,81.4,27.4,0.4
2020-07-05 09:25,2020,24 to 48 h,46.50,272,3,1.34,81.1,27.3,81.7,27.6,0.3
2020-07-05 09:30,2020,24 to 48 h,46.58,264,3,1.34,81.5,27.5,82,27.8,0.3
2020-07-05 09:35,2020,24 to 48 h,46.67,288,3,1.34,82,27.8,82.4,28.0,0.2
2020-07-05 09:40,2020,24 to 48 h,46.75,282,3,1.34,82.1,27.8,82.3,27.9,0.1
2020-07-05 09:45,2020,24 to 48 h,46.83,285,3,1.34,82.2,27.9,82.4,28.0,0.1
2020-07-05 09:50,2020,24 to 48 h,46.92,272,3,1.34,82.2,27.9,82.5,28.1,0.2
2020-07-05 09:55,2020,24 to 48 h,47.00,271,3,1.34,82.5,28.1,82.9,28.3,0.2
2020-07-05 10:00,2020,24 to 48 h,47.08,280,2,0.89,82.9,28.3,83.1,28.4,0.1
2020-07-05 10:05,2020,24 to 48 h,47.17,272,3,1.34,83.1,28.4,83.3,28.5,0.1
2020-07-05 10:10,2020,24 to 48 h,47.25,271,3,1.34,83.3,28.5,83.6,28.7,0.2
2020-07-05 10:15,2020,24 to 48 h,47.33,272,3,1.34,83.6,28.7,83.8,28.8,0.1
2020-07-05 10:20,2020,24 to 48 h,47.42,271,4,1.79,83.4,28.6,83.7,28.7,0.2
2020-07-05 10:25,2020,24 to 48 h,47.50,264,3,1.34,84,28.9,84.2,29.0,0.1
2020-07-05 10:30,2020,24 to 48 h,47.58,264,2,0.89,84.2,29.0,84.3,29.1,0.1
2020-07-05 10:35,2020,24 to 48 h,47.67,288,2,0.89,85.1,29.5,84.6,29.2,
2020-07-05 10:40,2020,24 to 48 h,47.75,272,2,0.89,85.1,29.5,84.9,29.4,
2020-07-05 10:45,2020,24 to 48 h,47.83,275,2,0.89,85.4,29.7,84.8,29.3,
2020-07-05 10:50,2020,24 to 48 h,47.92,264,2,0.89,85.7,29.8,85.4,29.7,
